﻿<skin name="神聖影院" version="1.0" author="尛堂" email="511457465@qq.com" url="http://user.qzone.qq.com/511457465" readme="" mask_color="" show_tips="0.5" context_menu="2">
	<console xywh="0, 0R, 100P, 40" src="console.png" mask="" lock="1" display="1" group="A">
		<bt_play xywh="0c, 0R,35, 30" src="bt_play.png" tips="播放,暂停" useHandCursor="1"/>
		<bt_stop xywh="-80C,0R, 37, 33" src="bt_stop.png" tips="停止" useHandCursor="1"/>
		<bt_prev xywh="-40c, 0R, 35, 30" src="bt_prev.png" tips="上一曲"/>
		<bt_next xywh="40C, 0R, 35, 30" src="bt_next.png" tips="下一曲"/>
		<time xywh="40, 9R, 100, 17" align="left" font="宋体" size="12" color="#9F9F9F" borderColor=""/>
		<status xywh="130, 9R, 60, 17" align="left" font="宋体" size="12" color="#9F9F9F" borderColor=""/>
		<bt_mute xywh="79R, 0R, 37, 33" src="bt_mute.png" hover_volume="1" tips="静音,打开声音" useHandCursor="1"/>
		<volume xywh="32R, 27R,70, 12" thumb_src="volume_thumb.png" track_src="volume_track.png" src="volume.png" rotation="-90" shadow="1,45,#000000,0.5,4,4,1,3"/>
		<bt_list xywh="0, 0R, 40, 33" src="bt_list.png" tips="关闭列表,打开列表" useHandCursor="1"/>
		<bt_link xywh="40R, 0R, 39, 33" src="bt_link.png" link="http://t.qq.com/a511457465" target="_blank" tips="神聖影院-微博"/>
		<bt_fullscreen xywh="0R, 0R, 40, 33" src="bt_fullscreen.png" tips="全屏" useHandCursor="1"/>
		<progress xywh="0, 33R, 0B,7" thumb_src="progress_thumb.png" track_src="progress_track.png" thumb_autohide="0"/>
	</console>
	<list xywh="0, 40R, 200,100P" src="win.png" mask="" lock="1" display="1" group="A" shadow="1,90,#000000,0.5,4,4,1,3">
		<tree xywh="-3, 21B, -1B, 21B" align="left" font="Arial" size="12" color="#808080,#41BFF1"/>
		<scrollbar thumb_src="scrollbar_thumb.png" button_src="scrollbar_button.png" track_src="scrollbar_track.png"/>
		<bt_close xywh="200, 0C, 8, 70" src="bt_close.png" tips="关闭列表" useHandCursor="1"/>
		<event type="open" target="media" property="xywh" value="200, 40R, 100P, 100P"/>
		<event type="close" target="media" property="xywh" value="0, 40R, 100P,100P"/>
	</list>
	<media xywh="200, 40R, 100P, 100P" src="media.png" mask="" lock="1" display="1" group="">
		<video xywh="0, 0, 100P, 100P"/>
	</media>
</skin>